Variavel,Importancia
TX_RESP_Q17_Somente em escola pública,0.1151214696399703
TX_RESP_Q20d_Não uso meu tempo para isso,0.11484734664713636
TX_RESP_Q21_Somente trabalhar,0.07770226280407613
TX_RESP_Q22_Sim,0.0716429475760219
"TX_RESP_Q18_Sim, uma vez",0.07042686784975383
TX_RESP_Q01_Masculino,0.061815698444129916
TX_RESP_Q20a_D,0.049724653249249365
TX_RESP_Q23d_Nunca ou quase nunca,0.03548550310001074
TX_RESP_Q14_À pé,0.03510351759762728
TX_RESP_Q23f_Várias vezes,0.03492655431957931
TX_RESP_Q23a_Sempre,0.027158817559310683
TX_RESP_Q04_Branco,0.014972652553683533
TX_RESP_Q23a_Nunca ou quase nunca,0.01463800671084961
TX_RESP_Q23a_Várias vezes,0.012944897984682789
TX_RESP_Q20a_C,0.010365720669058944
TX_RESP_Q23c_Várias vezes,0.01019809620308471
TX_RESP_Q23d_Sempre,0.00810772136489169
TX_RESP_Q09d_Sempre ou quase sempre,0.007303330337919077
"TX_RESP_Q18_Sim, duas vezes ou mais",0.007216230742883158
TX_RESP_Q20c_Mais de 2 horas,0.006976886034913584
TX_RESP_Q08_Ensino Superior completo,0.0063608436054722805
TX_RESP_Q23b_Várias vezes,0.006245862302126989
TX_RESP_Q21_Continuar estudando e trabalhar,0.005839069032010496
TX_RESP_Q23f_Nunca ou quase nunca,0.005575674723701165
TX_RESP_Q11c_3 ou mais,0.0046431376135413075
TX_RESP_Q23f_Sempre,0.004313522292794175
TX_RESP_Q07_Ensino Superior completo,0.004261269698404858
TX_RESP_Q23h_Sempre,0.0041859175624151986
TX_RESP_Q04_Preto,0.004127893655390889
TX_RESP_Q23i_Nunca ou quase nunca,0.0039871447474409865
TX_RESP_Q23g_Sempre,0.0039029846470335773
TX_RESP_Q20e_Mais de 2 horas,0.0035335805788823753
TX_RESP_Q11c_1,0.0033023238995568017
TX_RESP_Q23e_Várias vezes,0.0032589144058965953
TX_RESP_Q23e_Nunca ou quase nunca,0.003223509341681625
TX_RESP_Q16_4 ou 5 anos,0.003014373639644862
TX_RESP_Q11c_2,0.002983801182969722
TX_RESP_Q23c_Nunca ou quase nunca,0.0029188400559370066
TX_RESP_Q21_Somente continuar estudando,0.00287581520512971
TX_RESP_Q02_17 anos,0.00285827625969577
TX_RESP_Q09c_Sempre ou quase sempre,0.0028206026862496497
TX_RESP_Q23c_Sempre,0.002810235059657255
TX_RESP_Q23e_Sempre,0.002748549662965298
TX_RESP_Q02_19 anos,0.0027296779334586804
TX_RESP_Q23b_Nunca ou quase nunca,0.002675082998942872
TX_RESP_Q20c_Menos de 1 hora,0.0026331453468843385
TX_RESP_Q09d_Nunca ou quase nunca,0.002552600771603283
TX_RESP_Q20a_B,0.0025484974942821766
ID_AREA_Interior,0.0025317095382946754
TX_RESP_Q23g_Várias vezes,0.002497007249964721
TX_RESP_Q11f_1,0.002483689896880521
"TX_RESP_Q06_Mãe ou Madrasta, Pai ou Padrasto, Irmão(s) ou Irmã(s)",0.0024554982212674826
TX_RESP_Q13_Menos de 30 minutos,0.0023302190514328785
TX_RESP_Q23i_Sempre,0.0022789695525456716
TX_RESP_Q20e_Não uso meu tempo para isso,0.002273242963366987
"TX_RESP_Q10_Asfalto ou Calcamento: Sim, Água tratada: Sim, Iluminacão: Sim",0.002271605028039805
TX_RESP_Q11g_1,0.0022349173878382636
TX_RESP_Q09a_Nunca ou quase nunca,0.002232468862514793
TX_RESP_Q09f_Sempre ou quase sempre,0.0021798753632627857
TX_RESP_Q07_Ensino Médio completo,0.0021083856529257572
TX_RESP_Q09e_Sempre ou quase sempre,0.0020828321282591756
TX_RESP_Q12f_B,0.0018473962314492552
TX_RESP_Q08_Ensino Médio completo,0.0018232437548566524
TX_RESP_Q04_Pardo,0.0018228780919367234
TX_RESP_Q15_Sim,0.001806666872765991
TX_RESP_Q12h_B,0.0017562777534641432
"TX_RESP_Q10_Asfalto ou Calcamento: Sim, Água tratada: Não, Iluminacão: Sim",0.0017471354990109263
TX_RESP_Q20b_Não uso meu tempo para isso,0.0017018986319327853
TX_RESP_Q11d_2,0.0016787900771883806
TX_RESP_Q20d_Mais de 2 horas,0.0016732492002472976
TX_RESP_Q16_6 ou 7 anos,0.0016725465368853782
TX_RESP_Q11f_2,0.0016520863442359595
TX_RESP_Q02_18 anos,0.0016477347656261145
TX_RESP_Q11e_1,0.0016041677903332005
TX_RESP_Q12c_B,0.0015401219539729076
TX_RESP_Q11e_2,0.0015264387137473028
TX_RESP_Q09b_Sempre ou quase sempre,0.0015191866896995861
TX_RESP_Q14_De carro,0.0014992840211831794
TX_RESP_Q12a_B,0.001483489283065587
TX_RESP_Q11e_3 ou mais,0.0014741185631597761
TX_RESP_Q11d_3 ou mais,0.0014534249386385424
TX_RESP_Q23i_Várias vezes,0.001442446092979314
TX_RESP_Q12d_B,0.0014231101433243227
TX_RESP_Q20e_Menos de 1 hora,0.0013947325255698386
"TX_RESP_Q19_Sim, uma vez",0.0013745789317676947
TX_RESP_Q11f_3 ou mais,0.0013588301670789857
TX_RESP_Q14_De ônibus,0.0013502348258015398
TX_RESP_Q12i_B,0.001345050174638796
TX_RESP_Q11g_2,0.0013258245268984539
TX_RESP_Q23h_Várias vezes,0.0013198789719994564
TX_RESP_Q05_Sim,0.0012909178835094313
TX_RESP_Q23b_Sempre,0.0012727917643293289
TX_RESP_Q12e_B,0.0012708832634276668
TX_RESP_Q17_Somente em escola particular,0.0012277914966453602
"TX_RESP_Q12_Wi-Fi, Quarto, Mesa, Microondas, Aspirador, Lavadora, Freezer, Garagem",0.001214991815395527
TX_RESP_Q11a_1,0.0011800384316160556
TX_RESP_Q09a_Sempre ou quase sempre,0.001163803862984408
TX_RESP_Q11b_1,0.0011594639837837924
TX_RESP_Q20c_Não uso meu tempo para isso,0.0011216525351436877
TX_RESP_Q09f_Nunca ou quase nunca,0.001103134239140793
"TX_RESP_Q07_Ensino Fundamental, até o 5º ano",0.0011020235246562825
TX_RESP_Q20b_Mais de 2 horas,0.001022653010428076
TX_RESP_Q08_Não completou o 5º ano do Ensino Fundamental,0.0010217197230488085
TX_RESP_Q23d_Várias vezes,0.0009731656217804864
IN_PUBLICA_Pública,0.0009550714486410493
TX_RESP_Q11h_1,0.0009519474637164104
TX_RESP_Q11h_3 ou mais,0.0009397945661734397
"TX_RESP_Q06_Mãe ou Madrasta, Pai ou Padrasto, Irmão(s) ou Irmã(s), Avô ou Avó",0.0009363726195556549
TX_RESP_Q09b_Nunca ou quase nunca,0.0009104416510589156
"TX_RESP_Q08_Ensino Fundamental, até o 5º ano",0.0008438275613782076
TX_RESP_Q11d_1,0.0008407532781986251
"TX_RESP_Q06_Mãe ou Madrasta, Pai ou Padrasto",0.0007995611923547263
TX_RESP_Q07_Não completou o 5º ano do Ensino Fundamental,0.0007801234152288815
TX_RESP_Q11a_2,0.0007761110701519503
TX_RESP_Q20b_Menos de 1 hora,0.0007750086018509371
TX_RESP_Q11h_2,0.0006271864563697676
TX_RESP_Q23g_Nunca ou quase nunca,0.0006211739903216771
"TX_RESP_Q06_Mãe ou Madrasta, Irmão(s) ou Irmã(s)",0.0005898217548960178
TX_RESP_Q13_Mais de uma hora,0.0005018425276241411
TX_RESP_Q11g_3 ou mais,0.0004981600531570226
TX_RESP_Q20d_Menos de 1 hora,0.0004476774178406413
TX_RESP_Q16_8 anos ou mais,0.00044143152524361764
TX_RESP_Q09e_Nunca ou quase nunca,0.0004172530512783434
TX_RESP_Q11b_2,0.0004157425179344792
TX_RESP_Q06_Nenhum,0.00039351261699486497
TX_RESP_Q12b_B,0.00038571126480320503
"TX_RESP_Q12_Wi-Fi, Mesa, Microondas, Aspirador, Lavadora, Freezer, Garagem",0.0003820461592307512
"TX_RESP_Q12_Wi-Fi, Quarto, Mesa, Microondas, Lavadora, Freezer, Garagem",0.00030704648860281023
TX_RESP_Q12g_B,0.0003006004939184676
TX_RESP_Q14_De metrô,0.0002951378222743519
TX_RESP_Q14_De bicicleta,0.00028650124860066413
"TX_RESP_Q12_Wi-Fi, Quarto, Microondas, Aspirador, Lavadora, Freezer, Garagem",0.00025416854401160804
TX_RESP_Q11b_3 ou mais,0.000242911973942448
TX_RESP_Q09c_Nunca ou quase nunca,0.00021835087609221355
TX_RESP_Q06_Mãe ou Madrasta,0.00020609627242467046
TX_RESP_Q11a_3 ou mais,0.00017897126642509704
TX_RESP_Q23h_Nunca ou quase nunca,0.000142880395247386
"TX_RESP_Q10_Asfalto ou Calcamento: Não, Água tratada: Sim, Iluminacão: Sim",0.00014136018947885826
"TX_RESP_Q12_Wi-Fi, Mesa, Microondas, Lavadora, Freezer, Garagem",0.00013738598652321968
"TX_RESP_Q12_Wi-Fi, Microondas, Aspirador, Lavadora, Freezer, Garagem",0.00011590611168440124
TX_RESP_Q14_Outros meios de transporte,9.822180218985303e-05
"TX_RESP_Q12_Wi-Fi, Quarto, Microondas, Lavadora, Freezer, Garagem",8.950550864564488e-05
"TX_RESP_Q06_Mãe ou Madrasta, Pai ou Padrasto, Avô ou Avó",8.72882593042011e-05
"TX_RESP_Q06_Pai ou Padrasto, Irmão(s) ou Irmã(s)",7.009599317078976e-05
ID_LOCALIZACAO_Urbana,5.789159083367883e-05
"TX_RESP_Q12_Wi-Fi, Quarto, Mesa, Microondas, Aspirador, Lavadora, Garagem",5.2131245089533425e-05
"TX_RESP_Q12_Wi-Fi, Quarto, Mesa, Lavadora, Freezer, Garagem",5.1498330404153616e-05
TX_RESP_Q02_20 anos,4.9454559165145065e-05
"TX_RESP_Q12_Wi-Fi, Microondas, Lavadora, Freezer, Garagem",4.3614935164700966e-05
"TX_RESP_Q12_Wi-Fi, Quarto, Microondas, Lavadora, Freezer",4.1591125523922794e-05
"TX_RESP_Q12_Wi-Fi, Quarto, Mesa, Microondas, Lavadora, Freezer",4.046104538456926e-05
"TX_RESP_Q06_Mãe ou Madrasta, Irmão(s) ou Irmã(s), Avô ou Avó",3.4382636222556664e-05
"TX_RESP_Q12_Wi-Fi, Microondas, Lavadora, Freezer",3.036198045682313e-05
"TX_RESP_Q06_Mãe ou Madrasta, Avô ou Avó",2.748506813434253e-05
"TX_RESP_Q12_Wi-Fi, Quarto, Mesa, Aspirador, Lavadora, Freezer, Garagem",1.806467172624439e-05
"TX_RESP_Q12_Wi-Fi, Mesa, Microondas, Lavadora, Freezer",1.7675655815316576e-05
"TX_RESP_Q10_Asfalto ou Calcamento: Sim, Água tratada: Sim, Iluminacão: Não",1.756072525352809e-05
"TX_RESP_Q12_Wi-Fi, Quarto, Mesa, Microondas, Lavadora, Garagem",1.5897178727441294e-05
TX_RESP_Q06_Irmão(s) ou Irmã(s),1.4686085011101512e-05
"TX_RESP_Q06_Pai ou Padrasto, Irmão(s) ou Irmã(s), Avô ou Avó",1.2949361663746668e-05
"TX_RESP_Q12_Wi-Fi, Quarto, Mesa, Microondas, Aspirador, Lavadora, Freezer",1.1432261921316397e-05
"TX_RESP_Q10_Asfalto ou Calcamento: Não, Água tratada: Não, Iluminacão: Sim",1.1246463868565337e-05
TX_RESP_Q06_Pai ou Padrasto,1.1232003628703917e-05
"TX_RESP_Q06_Irmão(s) ou Irmã(s), Avô ou Avó",1.0473648385282725e-05
"TX_RESP_Q12_Wi-Fi, Lavadora, Freezer, Garagem",8.469772435053576e-06
"TX_RESP_Q12_Wi-Fi, Microondas, Lavadora",7.999517057938922e-06
"TX_RESP_Q12_Wi-Fi, Mesa, Lavadora, Freezer, Garagem",6.524388458660478e-06
"TX_RESP_Q12_Wi-Fi, Quarto, Lavadora, Freezer, Garagem",6.23484086164579e-06
"TX_RESP_Q10_Asfalto ou Calcamento: Sim, Água tratada: Não, Iluminacão: Não",5.794012913578419e-06
"TX_RESP_Q12_Wi-Fi, Quarto, Aspirador, Lavadora, Freezer, Garagem",4.3200390540461274e-06
"TX_RESP_Q12_Wi-Fi, Mesa, Aspirador, Lavadora, Freezer, Garagem",3.973481453435397e-06
"TX_RESP_Q06_Pai ou Padrasto, Avô ou Avó",3.6744653311994126e-06
TX_RESP_Q04_Indígena,3.1050823086359556e-06
"TX_RESP_Q19_Sim, duas vezes ou mais",2.3772717632150962e-06
"TX_RESP_Q12_Wi-Fi, Mesa, Microondas, Lavadora, Garagem",2.3338845632711812e-06
TX_RESP_Q03_Português,2.1512142682693145e-06
"TX_RESP_Q12_Wi-Fi, Quarto, Microondas, Lavadora, Garagem",2.041153708415913e-06
"TX_RESP_Q12_Wi-Fi, Mesa, Lavadora, Freezer",1.878228621254369e-06
"TX_RESP_Q10_Asfalto ou Calcamento: Não, Água tratada: Sim, Iluminacão: Não",1.8292430821064075e-06
"TX_RESP_Q12_Wi-Fi, Microondas, Lavadora, Garagem",1.5782651454084758e-06
"TX_RESP_Q12_Wi-Fi, Mesa, Microondas, Aspirador, Lavadora, Garagem",1.1668201572678218e-06
"TX_RESP_Q12_Wi-Fi, Mesa, Microondas, Aspirador, Lavadora, Freezer",8.543913516517015e-07
"TX_RESP_Q12_Mesa, Garagem",0.0
"TX_RESP_Q12_Mesa, Aspirador, Lavadora",0.0
"TX_RESP_Q12_Mesa, Aspirador, Freezer, Garagem",0.0
"TX_RESP_Q12_Mesa, Aspirador, Freezer",0.0
"TX_RESP_Q12_Wi-Fi, Microondas",0.0
"TX_RESP_Q12_Wi-Fi, Microondas, Aspirador",0.0
"TX_RESP_Q12_Wi-Fi, Microondas, Aspirador, Freezer",0.0
"TX_RESP_Q12_Wi-Fi, Microondas, Aspirador, Freezer, Garagem",0.0
"TX_RESP_Q12_Wi-Fi, Microondas, Aspirador, Garagem",0.0
"TX_RESP_Q12_Wi-Fi, Microondas, Aspirador, Lavadora",0.0
"TX_RESP_Q12_Wi-Fi, Microondas, Aspirador, Lavadora, Freezer",0.0
"TX_RESP_Q12_Wi-Fi, Microondas, Aspirador, Lavadora, Garagem",0.0
"TX_RESP_Q12_Mesa, Aspirador",0.0
"TX_RESP_Q12_Wi-Fi, Mesa, Microondas, Garagem",0.0
"TX_RESP_Q12_Wi-Fi, Microondas, Freezer",0.0
"TX_RESP_Q12_Wi-Fi, Microondas, Freezer, Garagem",0.0
"TX_RESP_Q12_Wi-Fi, Microondas, Garagem",0.0
TX_RESP_Q12_Mesa,0.0
"TX_RESP_Q12_Lavadora, Garagem",0.0
"TX_RESP_Q12_Lavadora, Freezer, Garagem",0.0
"TX_RESP_Q12_Wi-Fi, Quarto",0.0
"TX_RESP_Q12_Wi-Fi, Quarto, Aspirador",0.0
"TX_RESP_Q12_Wi-Fi, Quarto, Aspirador, Freezer",0.0
"TX_RESP_Q12_Wi-Fi, Quarto, Aspirador, Freezer, Garagem",0.0
"TX_RESP_Q12_Wi-Fi, Quarto, Aspirador, Garagem",0.0
"TX_RESP_Q12_Wi-Fi, Mesa, Microondas, Lavadora",0.0
"TX_RESP_Q12_Wi-Fi, Mesa, Microondas, Freezer",0.0
"TX_RESP_Q12_Wi-Fi, Mesa, Microondas, Freezer, Garagem",0.0
"TX_RESP_Q12_Wi-Fi, Quarto, Aspirador, Lavadora, Freezer",0.0
"TX_RESP_Q12_Wi-Fi, Lavadora, Garagem",0.0
"TX_RESP_Q12_Wi-Fi, Mesa",0.0
"TX_RESP_Q12_Wi-Fi, Mesa, Aspirador",0.0
"TX_RESP_Q12_Wi-Fi, Mesa, Aspirador, Freezer",0.0
"TX_RESP_Q12_Wi-Fi, Mesa, Aspirador, Freezer, Garagem",0.0
"TX_RESP_Q12_Wi-Fi, Mesa, Aspirador, Garagem",0.0
"TX_RESP_Q12_Wi-Fi, Mesa, Aspirador, Lavadora",0.0
"TX_RESP_Q12_Wi-Fi, Mesa, Aspirador, Lavadora, Freezer",0.0
"TX_RESP_Q12_Mesa, Aspirador, Lavadora, Garagem",0.0
"TX_RESP_Q12_Wi-Fi, Mesa, Aspirador, Lavadora, Garagem",0.0
"TX_RESP_Q12_Wi-Fi, Mesa, Freezer",0.0
"TX_RESP_Q12_Wi-Fi, Mesa, Freezer, Garagem",0.0
"TX_RESP_Q12_Wi-Fi, Mesa, Garagem",0.0
"TX_RESP_Q12_Wi-Fi, Mesa, Lavadora",0.0
"TX_RESP_Q12_Mesa, Aspirador, Lavadora, Freezer, Garagem",0.0
"TX_RESP_Q12_Wi-Fi, Mesa, Lavadora, Garagem",0.0
"TX_RESP_Q12_Wi-Fi, Mesa, Microondas",0.0
"TX_RESP_Q12_Wi-Fi, Mesa, Microondas, Aspirador",0.0
"TX_RESP_Q12_Wi-Fi, Mesa, Microondas, Aspirador, Freezer",0.0
"TX_RESP_Q12_Wi-Fi, Mesa, Microondas, Aspirador, Freezer, Garagem",0.0
"TX_RESP_Q12_Wi-Fi, Mesa, Microondas, Aspirador, Garagem",0.0
"TX_RESP_Q12_Wi-Fi, Mesa, Microondas, Aspirador, Lavadora",0.0
"TX_RESP_Q12_Mesa, Aspirador, Lavadora, Freezer",0.0
"TX_RESP_Q12_Wi-Fi, Quarto, Aspirador, Lavadora",0.0
"TX_RESP_Q12_Lavadora, Freezer",0.0
"TX_RESP_Q12_Mesa, Lavadora",0.0
"TX_RESP_Q12_Wi-Fi, Quarto, Aspirador, Lavadora, Garagem",0.0
"TX_RESP_Q12_Wi-Fi, Quarto, Mesa, Microondas, Aspirador, Lavadora",0.0
TX_RESP_Q12_Freezer,0.0
"TX_RESP_Q12_Aspirador, Lavadora, Garagem",0.0
"TX_RESP_Q12_Aspirador, Lavadora, Freezer, Garagem",0.0
"TX_RESP_Q12_Wi-Fi, Quarto, Mesa, Microondas, Freezer",0.0
"TX_RESP_Q12_Wi-Fi, Quarto, Mesa, Microondas, Freezer, Garagem",0.0
"TX_RESP_Q12_Wi-Fi, Quarto, Mesa, Microondas, Garagem",0.0
"TX_RESP_Q12_Wi-Fi, Quarto, Mesa, Microondas, Lavadora",0.0
"TX_RESP_Q12_Aspirador, Lavadora, Freezer",0.0
"TX_RESP_Q12_Aspirador, Lavadora",0.0
"TX_RESP_Q12_Aspirador, Garagem",0.0
"TX_RESP_Q12_Wi-Fi, Quarto, Microondas",0.0
"TX_RESP_Q12_Wi-Fi, Quarto, Microondas, Aspirador",0.0
"TX_RESP_Q12_Wi-Fi, Quarto, Microondas, Aspirador, Freezer",0.0
"TX_RESP_Q12_Wi-Fi, Quarto, Microondas, Aspirador, Freezer, Garagem",0.0
"TX_RESP_Q12_Wi-Fi, Quarto, Microondas, Aspirador, Garagem",0.0
"TX_RESP_Q12_Wi-Fi, Quarto, Microondas, Aspirador, Lavadora",0.0
"TX_RESP_Q12_Wi-Fi, Quarto, Microondas, Aspirador, Lavadora, Freezer",0.0
"TX_RESP_Q12_Wi-Fi, Quarto, Microondas, Aspirador, Lavadora, Garagem",0.0
"TX_RESP_Q12_Wi-Fi, Quarto, Microondas, Freezer",0.0
"TX_RESP_Q12_Wi-Fi, Quarto, Microondas, Freezer, Garagem",0.0
"TX_RESP_Q12_Wi-Fi, Quarto, Microondas, Garagem",0.0
"TX_RESP_Q12_Wi-Fi, Quarto, Microondas, Lavadora",0.0
TX_RESP_Q03_Outra língua,0.0
TX_RESP_Q02_21 anos ou mais,0.0
"TX_RESP_Q12_Wi-Fi, Quarto, Mesa, Microondas, Aspirador, Garagem",0.0
"TX_RESP_Q12_Wi-Fi, Quarto, Mesa, Microondas, Aspirador, Freezer, Garagem",0.0
"TX_RESP_Q12_Wi-Fi, Quarto, Mesa, Microondas, Aspirador, Freezer",0.0
"TX_RESP_Q12_Wi-Fi, Quarto, Mesa, Aspirador, Garagem",0.0
"TX_RESP_Q12_Wi-Fi, Quarto, Freezer",0.0
"TX_RESP_Q12_Wi-Fi, Quarto, Freezer, Garagem",0.0
"TX_RESP_Q12_Wi-Fi, Quarto, Garagem",0.0
"TX_RESP_Q12_Wi-Fi, Quarto, Lavadora",0.0
"TX_RESP_Q12_Wi-Fi, Quarto, Lavadora, Freezer",0.0
TX_RESP_Q12_Lavadora,0.0
"TX_RESP_Q12_Wi-Fi, Quarto, Lavadora, Garagem",0.0
"TX_RESP_Q12_Wi-Fi, Quarto, Mesa",0.0
"TX_RESP_Q12_Wi-Fi, Quarto, Mesa, Aspirador",0.0
"TX_RESP_Q12_Wi-Fi, Quarto, Mesa, Aspirador, Freezer",0.0
"TX_RESP_Q12_Wi-Fi, Quarto, Mesa, Aspirador, Freezer, Garagem",0.0
"TX_RESP_Q12_Wi-Fi, Quarto, Mesa, Aspirador, Lavadora",0.0
"TX_RESP_Q12_Wi-Fi, Quarto, Mesa, Microondas, Aspirador",0.0
"TX_RESP_Q12_Wi-Fi, Quarto, Mesa, Aspirador, Lavadora, Freezer",0.0
TX_RESP_Q12_Garagem,0.0
"TX_RESP_Q12_Wi-Fi, Quarto, Mesa, Aspirador, Lavadora, Garagem",0.0
"TX_RESP_Q12_Wi-Fi, Quarto, Mesa, Freezer",0.0
"TX_RESP_Q12_Wi-Fi, Quarto, Mesa, Freezer, Garagem",0.0
"TX_RESP_Q12_Wi-Fi, Quarto, Mesa, Garagem",0.0
"TX_RESP_Q12_Wi-Fi, Quarto, Mesa, Lavadora",0.0
"TX_RESP_Q12_Wi-Fi, Quarto, Mesa, Lavadora, Freezer",0.0
"TX_RESP_Q12_Freezer, Garagem",0.0
"TX_RESP_Q12_Wi-Fi, Quarto, Mesa, Lavadora, Garagem",0.0
"TX_RESP_Q12_Wi-Fi, Quarto, Mesa, Microondas",0.0
"TX_RESP_Q12_Mesa, Freezer",0.0
"TX_RESP_Q12_Wi-Fi, Lavadora, Freezer",0.0
"TX_RESP_Q12_Wi-Fi, Lavadora",0.0
"TX_RESP_Q12_Microondas, Aspirador, Lavadora, Garagem",0.0
"TX_RESP_Q12_Microondas, Freezer, Garagem",0.0
"TX_RESP_Q12_Microondas, Garagem",0.0
"TX_RESP_Q12_Microondas, Lavadora",0.0
"TX_RESP_Q12_Microondas, Lavadora, Freezer",0.0
"TX_RESP_Q12_Microondas, Lavadora, Freezer, Garagem",0.0
"TX_RESP_Q12_Microondas, Lavadora, Garagem",0.0
TX_RESP_Q12_Nenhum,0.0
TX_RESP_Q12_Quarto,0.0
"TX_RESP_Q12_Quarto, Aspirador",0.0
"TX_RESP_Q12_Quarto, Aspirador, Freezer",0.0
"TX_RESP_Q12_Quarto, Aspirador, Freezer, Garagem",0.0
"TX_RESP_Q12_Quarto, Aspirador, Garagem",0.0
"TX_RESP_Q12_Quarto, Aspirador, Lavadora",0.0
"TX_RESP_Q12_Quarto, Aspirador, Lavadora, Freezer",0.0
"TX_RESP_Q12_Quarto, Aspirador, Lavadora, Freezer, Garagem",0.0
"TX_RESP_Q12_Quarto, Aspirador, Lavadora, Garagem",0.0
"TX_RESP_Q12_Quarto, Freezer",0.0
"TX_RESP_Q12_Quarto, Freezer, Garagem",0.0
"TX_RESP_Q12_Quarto, Garagem",0.0
"TX_RESP_Q12_Quarto, Lavadora",0.0
"TX_RESP_Q12_Quarto, Lavadora, Freezer",0.0
"TX_RESP_Q12_Quarto, Lavadora, Freezer, Garagem",0.0
"TX_RESP_Q12_Quarto, Lavadora, Garagem",0.0
"TX_RESP_Q12_Quarto, Mesa",0.0
"TX_RESP_Q12_Quarto, Mesa, Aspirador",0.0
"TX_RESP_Q12_Microondas, Freezer",0.0
"TX_RESP_Q12_Microondas, Aspirador, Lavadora, Freezer, Garagem",0.0
"TX_RESP_Q12_Wi-Fi, Garagem",0.0
"TX_RESP_Q12_Microondas, Aspirador, Lavadora, Freezer",0.0
"TX_RESP_Q12_Mesa, Lavadora, Freezer",0.0
"TX_RESP_Q12_Mesa, Lavadora, Freezer, Garagem",0.0
"TX_RESP_Q12_Mesa, Lavadora, Garagem",0.0
"TX_RESP_Q12_Mesa, Microondas",0.0
"TX_RESP_Q12_Mesa, Microondas, Aspirador",0.0
"TX_RESP_Q12_Mesa, Microondas, Aspirador, Freezer",0.0
"TX_RESP_Q12_Mesa, Microondas, Aspirador, Freezer, Garagem",0.0
"TX_RESP_Q12_Mesa, Microondas, Aspirador, Garagem",0.0
"TX_RESP_Q12_Mesa, Microondas, Aspirador, Lavadora",0.0
"TX_RESP_Q12_Mesa, Microondas, Aspirador, Lavadora, Freezer",0.0
"TX_RESP_Q12_Mesa, Microondas, Aspirador, Lavadora, Freezer, Garagem",0.0
"TX_RESP_Q12_Mesa, Microondas, Aspirador, Lavadora, Garagem",0.0
"TX_RESP_Q12_Mesa, Microondas, Freezer",0.0
"TX_RESP_Q12_Mesa, Microondas, Freezer, Garagem",0.0
"TX_RESP_Q12_Mesa, Microondas, Garagem",0.0
"TX_RESP_Q12_Mesa, Microondas, Lavadora",0.0
"TX_RESP_Q12_Mesa, Microondas, Lavadora, Freezer",0.0
"TX_RESP_Q12_Mesa, Microondas, Lavadora, Freezer, Garagem",0.0
"TX_RESP_Q12_Mesa, Microondas, Lavadora, Garagem",0.0
TX_RESP_Q12_Microondas,0.0
"TX_RESP_Q12_Microondas, Aspirador",0.0
"TX_RESP_Q12_Microondas, Aspirador, Freezer",0.0
"TX_RESP_Q12_Microondas, Aspirador, Freezer, Garagem",0.0
"TX_RESP_Q12_Microondas, Aspirador, Garagem",0.0
"TX_RESP_Q12_Mesa, Freezer, Garagem",0.0
"TX_RESP_Q12_Quarto, Mesa, Aspirador, Freezer",0.0
"TX_RESP_Q12_Quarto, Mesa, Aspirador, Freezer, Garagem",0.0
"TX_RESP_Q12_Quarto, Mesa, Aspirador, Garagem",0.0
"TX_RESP_Q12_Quarto, Mesa, Aspirador, Lavadora",0.0
"TX_RESP_Q12_Quarto, Microondas, Aspirador, Freezer",0.0
"TX_RESP_Q12_Quarto, Microondas, Aspirador, Freezer, Garagem",0.0
"TX_RESP_Q12_Quarto, Microondas, Aspirador, Garagem",0.0
"TX_RESP_Q12_Quarto, Microondas, Aspirador, Lavadora",0.0
"TX_RESP_Q12_Quarto, Microondas, Aspirador, Lavadora, Freezer",0.0
"TX_RESP_Q12_Quarto, Microondas, Aspirador, Lavadora, Freezer, Garagem",0.0
"TX_RESP_Q12_Quarto, Microondas, Aspirador, Lavadora, Garagem",0.0
"TX_RESP_Q12_Quarto, Microondas, Freezer",0.0
"TX_RESP_Q12_Quarto, Microondas, Freezer, Garagem",0.0
"TX_RESP_Q12_Quarto, Microondas, Garagem",0.0
"TX_RESP_Q12_Quarto, Microondas, Lavadora",0.0
"TX_RESP_Q12_Quarto, Microondas, Lavadora, Freezer",0.0
"TX_RESP_Q12_Quarto, Microondas, Lavadora, Freezer, Garagem",0.0
"TX_RESP_Q12_Quarto, Microondas, Lavadora, Garagem",0.0
TX_RESP_Q12_Wi-Fi,0.0
"TX_RESP_Q12_Wi-Fi, Aspirador",0.0
"TX_RESP_Q12_Wi-Fi, Aspirador, Freezer",0.0
"TX_RESP_Q12_Wi-Fi, Aspirador, Freezer, Garagem",0.0
"TX_RESP_Q12_Wi-Fi, Aspirador, Garagem",0.0
"TX_RESP_Q12_Wi-Fi, Aspirador, Lavadora",0.0
"TX_RESP_Q12_Wi-Fi, Aspirador, Lavadora, Freezer",0.0
"TX_RESP_Q12_Wi-Fi, Aspirador, Lavadora, Freezer, Garagem",0.0
"TX_RESP_Q12_Wi-Fi, Aspirador, Lavadora, Garagem",0.0
"TX_RESP_Q12_Wi-Fi, Freezer",0.0
"TX_RESP_Q12_Wi-Fi, Freezer, Garagem",0.0
"TX_RESP_Q12_Quarto, Microondas, Aspirador",0.0
"TX_RESP_Q12_Quarto, Microondas",0.0
"TX_RESP_Q12_Quarto, Mesa, Microondas, Lavadora, Garagem",0.0
"TX_RESP_Q12_Quarto, Mesa, Microondas, Aspirador",0.0
"TX_RESP_Q12_Quarto, Mesa, Aspirador, Lavadora, Freezer",0.0
"TX_RESP_Q12_Quarto, Mesa, Aspirador, Lavadora, Freezer, Garagem",0.0
"TX_RESP_Q12_Quarto, Mesa, Aspirador, Lavadora, Garagem",0.0
"TX_RESP_Q12_Quarto, Mesa, Freezer",0.0
"TX_RESP_Q12_Quarto, Mesa, Freezer, Garagem",0.0
"TX_RESP_Q12_Quarto, Mesa, Garagem",0.0
"TX_RESP_Q12_Quarto, Mesa, Lavadora",0.0
"TX_RESP_Q12_Quarto, Mesa, Lavadora, Freezer",0.0
"TX_RESP_Q12_Quarto, Mesa, Lavadora, Freezer, Garagem",0.0
"TX_RESP_Q12_Quarto, Mesa, Lavadora, Garagem",0.0
"TX_RESP_Q12_Quarto, Mesa, Microondas",0.0
"TX_RESP_Q12_Quarto, Mesa, Microondas, Aspirador, Freezer",0.0
"TX_RESP_Q12_Quarto, Mesa, Microondas, Lavadora, Freezer, Garagem",0.0
"TX_RESP_Q12_Quarto, Mesa, Microondas, Aspirador, Freezer, Garagem",0.0
"TX_RESP_Q12_Quarto, Mesa, Microondas, Aspirador, Garagem",0.0
"TX_RESP_Q12_Quarto, Mesa, Microondas, Aspirador, Lavadora",0.0
"TX_RESP_Q12_Quarto, Mesa, Microondas, Aspirador, Lavadora, Freezer",0.0
"TX_RESP_Q12_Quarto, Mesa, Microondas, Aspirador, Lavadora, Freezer, Garagem",0.0
"TX_RESP_Q12_Quarto, Mesa, Microondas, Aspirador, Lavadora, Garagem",0.0
"TX_RESP_Q12_Quarto, Mesa, Microondas, Freezer",0.0
"TX_RESP_Q12_Quarto, Mesa, Microondas, Freezer, Garagem",0.0
"TX_RESP_Q12_Quarto, Mesa, Microondas, Garagem",0.0
"TX_RESP_Q12_Quarto, Mesa, Microondas, Lavadora",0.0
"TX_RESP_Q12_Quarto, Mesa, Microondas, Lavadora, Freezer",0.0
"TX_RESP_Q12_Microondas, Aspirador, Lavadora",0.0
